
insert into Tournament (id, divisionId, name, tournamentStatusId, tournamentTypeId) values (01, 'divB', 'Fairfax B', 'frozen', 'regional');
insert into Tournament (id, divisionId, name, tournamentStatusId, tournamentTypeId) values (02, 'divB', 'State', 'open', 'state');
insert into Tournament (id, divisionId, name, tournamentStatusId, tournamentTypeId) values (03, 'divC', 'Fairfax C', 'frozen', 'regional');

insert into School (id, name) values (01, 'Belmont Ridge MS');
insert into Team (id, divisionId, name, schoolId, tournamentId, tournamentTypeId) values (01, 'divB', null, 01, null, 'regional');
insert into School (id, name) values (02, 'Eagle Ridge MS');
insert into Team (id, divisionId, name, schoolId, tournamentId, tournamentTypeId) values (02, 'divB', null, 02, null, 'regional');
insert into School (id, name) values (03, 'Longfellow MS');
insert into Team (id, divisionId, name, schoolId, tournamentId, tournamentTypeId) values (03, 'divB', 'Itchy', 03, null, 'regional');
insert into Team (id, divisionId, name, schoolId, tournamentId, tournamentTypeId) values (30, 'divB', 'Obsequious', 03, null, 'regional');
insert into School (id, name) values (04, 'Luther Jackson MS');
insert into Team (id, divisionId, name, schoolId, tournamentId, tournamentTypeId) values (04, 'divB', null, 04, 01, 'regional');
insert into Team (id, divisionId, name, schoolId, tournamentId, tournamentTypeId) values (31, 'divB', null, 04, 02, 'state');
insert into School (id, name) values (05, 'Mark Twain MS');
insert into Team (id, divisionId, name, schoolId, tournamentId, tournamentTypeId) values (05, 'divB', null, 05, null, 'regional');
insert into School (id, name) values (06, 'Middleburg Academy');
insert into Team (id, divisionId, name, schoolId, tournamentId, tournamentTypeId) values (06, 'divB', null, 06, null, 'regional');
insert into School (id, name) values (07, 'Nysmith School');
insert into Team (id, divisionId, name, schoolId, tournamentId, tournamentTypeId) values (07, 'divB', null, 07, null, 'regional');
insert into School (id, name) values (08, 'Oakcrest School');
insert into Team (id, divisionId, name, schoolId, tournamentId, tournamentTypeId) values (08, 'divB', null, 08, null, 'regional');
insert into School (id, name) values (09, 'Providence ES');
insert into Team (id, divisionId, name, schoolId, tournamentId, tournamentTypeId) values (09, 'divB', null, 09, null, 'regional');
insert into School (id, name) values (10, 'Robert Frost MS');
insert into Team (id, divisionId, name, schoolId, tournamentId, tournamentTypeId) values (10, 'divB', null, 10, null, 'regional');
insert into School (id, name) values (11, 'Rocky Run MS');
insert into Team (id, divisionId, name, schoolId, tournamentId, tournamentTypeId) values (11, 'divB', null, 11, null, 'regional');
insert into School (id, name) values (12, 'Seneca Ridge MS');
insert into Team (id, divisionId, name, schoolId, tournamentId, tournamentTypeId) values (12, 'divB', null, 12, null, 'regional');
insert into School (id, name) values (13, 'South County MS');
insert into Team (id, divisionId, name, schoolId, tournamentId, tournamentTypeId) values (13, 'divB', null, 13, null, 'regional');
insert into School (id, name) values (14, 'Trailside MS');
insert into Team (id, divisionId, name, schoolId, tournamentId, tournamentTypeId) values (14, 'divB', null, 14, null, 'regional');
insert into School (id, name) values (15, 'Westminster School');
insert into Team (id, divisionId, name, schoolId, tournamentId, tournamentTypeId) values (15, 'divB', null, 15, 01, 'regional');

insert into School (id, name) values (16, 'Centreville HS');
insert into Team (id, divisionId, name, schoolId, tournamentId, tournamentTypeId) values (16, 'divC', null, 16, null, 'regional');
insert into School (id, name) values (17, 'Hayfield SS');
insert into Team (id, divisionId, name, schoolId, tournamentId, tournamentTypeId) values (17, 'divC', null, 17, null, 'regional');
insert into School (id, name) values (18, 'JEB Stuart HS');
insert into Team (id, divisionId, name, schoolId, tournamentId, tournamentTypeId) values (18, 'divC', null, 18, null, 'regional');
insert into School (id, name) values (19, 'John Champe HS');
insert into Team (id, divisionId, name, schoolId, tournamentId, tournamentTypeId) values (19, 'divC', null, 19, null, 'regional');
insert into School (id, name) values (20, 'Lake Braddock HS');
insert into Team (id, divisionId, name, schoolId, tournamentId, tournamentTypeId) values (20, 'divC', null, 20, null, 'regional');
insert into School (id, name) values (21, 'Langley HS');
insert into Team (id, divisionId, name, schoolId, tournamentId, tournamentTypeId) values (21, 'divC', null, 21, null, 'regional');
insert into School (id, name) values (22, 'Robinson SS');
insert into Team (id, divisionId, name, schoolId, tournamentId, tournamentTypeId) values (22, 'divC', null, 22, null, 'regional');
insert into School (id, name) values (23, 'South County HS');
insert into Team (id, divisionId, name, schoolId, tournamentId, tournamentTypeId) values (23, 'divC', null, 23, null, 'regional');
insert into School (id, name) values (24, 'South Lakes HS');
insert into Team (id, divisionId, name, schoolId, tournamentId, tournamentTypeId) values (24, 'divC', null, 24, null, 'regional');
insert into School (id, name) values (25, 'Thomas Edison HS');
insert into Team (id, divisionId, name, schoolId, tournamentId, tournamentTypeId) values (25, 'divC', null, 25, null, 'regional');
insert into School (id, name) values (26, 'TJHSST');
insert into Team (id, divisionId, name, schoolId, tournamentId, tournamentTypeId) values (26, 'divC', null, 26, null, 'regional');
insert into School (id, name) values (27, 'West Springfield HS');
insert into Team (id, divisionId, name, schoolId, tournamentId, tournamentTypeId) values (27, 'divC', null, 27, null, 'regional');
insert into School (id, name) values (28, 'Westfield HS');
insert into Team (id, divisionId, name, schoolId, tournamentId, tournamentTypeId) values (28, 'divC', null, 28, null, 'regional');
insert into School (id, name) values (29, 'Woodberry Forest School');
insert into Team (id, divisionId, name, schoolId, tournamentId, tournamentTypeId) values (29, 'divC', null, 29, null, 'regional');

insert into School (id, name) values (30, 'Pinnacle Academy');
insert into Team (id, divisionId, name, schoolId, tournamentId, tournamentTypeId) values (32, 'divB', 'Jump', 30, null, 'regional');
insert into Team (id, divisionId, name, schoolId, tournamentId, tournamentTypeId) values (33, 'divC', 'Ugly', 30, null, 'regional');
